epoch;acc;loss;val_acc;val_loss
0;0.10755;2.375499459838867;0.11138613861386139;2.3025191026945713
0;0.1626;2.205378489685059;0.30074257425742573;1.827575408192751
1;0.3275;1.7802520233154298;0.5503300327082278;1.4131416011564801
2;0.45595;1.4352044206619263;0.6753300333967304;0.9774791458652358
3;0.5654;1.1364457015991212;0.7037953797346688;0.9482867084320622
4;0.67085;0.8840780548095704;0.8811881195987412;0.47327876445090417
5;0.75435;0.6923854476928711;0.9306930685200707;0.3015924725595481
